xue-yuhao,I44GZ0,2021-08-09T10:24:44+08:00,3
YeFeng_24,I44FZN,2021-08-09T08:48:27+08:00,3
gengdongjie,I44CZZ,2021-08-07T16:45:09+08:00,1
leonwanghui,I449CT,2021-08-06T17:01:32+08:00,2
gongliyao,I4494U,2021-08-06T16:42:23+08:00,2
xu_anyue,I448ER,2021-08-07T15:49:02+08:00,2
zhoufeng54,I446CP,2021-08-06T16:08:24+08:00,1
yelihua,I44633,2021-08-06T11:04:31+08:00,1
xu_anyue,I4456S,2021-08-06T17:31:35+08:00,2
xu_anyue,I4455Q,2021-08-06T17:31:57+08:00,2
aha_liu1,I4443R,2021-08-06T16:57:16+08:00,3
zhanghaibo5,I4441H,2021-08-06T14:11:02+08:00,1
zhaodezan,I443X4,2021-08-05T21:20:45+08:00,1
xuebao-zhang,I443TA,2021-08-09T10:52:20+08:00,3
leonwanghui,I443MU,2021-08-05T19:43:04+08:00,2
huangbo77,I43ZX0,2021-08-05T21:13:21+08:00,2
HidyLi,I43ZRH,2021-08-05T15:14:45+08:00,3
huangbo77,I43ZLI,2021-08-05T21:13:14+08:00,1
zhaodezan,I43YEL,2021-08-05T10:32:16+08:00,1
zhengjun10,I43XDC,2021-08-05T14:46:33+08:00,2
probiotics_53,I43XD7,2021-08-06T14:48:17+08:00,3
mu_rong_meng,I43WKA,2021-08-04T17:48:30+08:00,2
wang_chao312,I43WF2,2021-08-05T16:00:02+08:00,2
irmo,I43WA3,2021-08-04T17:16:22+08:00,2
wang_shaocong,I43W70,2021-08-05T09:19:39+08:00,3
chu-jibiao,I43UZH,2021-08-06T20:44:58+08:00,2
gongdaguo,I43UK2,2021-08-05T16:11:33+08:00,2
JeffDing890430,I43TXW,2021-08-06T19:28:58+08:00,2
JeffDing890430,I43TWE,2021-08-04T13:08:40+08:00,3
chenmai1102,I43SLV,2021-08-04T10:12:59+08:00,1
zhaodezan,I43RV8,2021-08-04T10:03:46+08:00,1
YeFeng_24,I43RSE,2021-08-04T08:51:16+08:00,3
mhmotallebi,I43RO8,2021-08-04T04:16:36+08:00,2
lingxling2,I43R36,2021-08-04T10:37:12+08:00,1
lingxling2,I43R2R,2021-08-04T09:35:58+08:00,1
lingxling2,I43R27,2021-08-04T10:36:36+08:00,1
cjh9368,I43R0H,2021-08-04T16:35:03+08:00,3
probiotics_53,I43QUW,2021-08-05T20:32:44+08:00,3
wang_shaocong,I43QB8,2021-08-04T14:30:51+08:00,3
yonibaehr_admin,I43Q6J,2021-08-05T14:22:59+08:00,2
yonibaehr_admin,I43Q6F,2021-08-05T14:23:10+08:00,2
probiotics_53,I43Q0A,2021-08-03T20:17:39+08:00,3
gongdaguo,I43PI2,2021-08-04T16:20:56+08:00,2
barry_cloud,I43PGO,2021-08-06T09:21:43+08:00,2
simson_wu,I43PDP,2021-08-03T17:52:37+08:00,2
wmzheng2020,I43P48,2021-08-05T08:59:16+08:00,2
wmzheng2020,I43OI7,2021-08-09T11:49:50+08:00,2
zhaodezan,I43NW0,2021-08-03T15:04:01+08:00,1
luoyang42,I43NVP,2021-08-03T14:21:21+08:00,3
huangbingjian,I43LQN,2021-08-09T09:26:02+08:00,2
zhangbuxue,I43KLS,2021-08-03T18:34:38+08:00,1
mengyuanli,I43KLF,2021-08-02T20:31:41+08:00,3
xu_anyue,I43KDI,2021-08-03T14:11:29+08:00,2
xu_anyue,I43KDA,2021-08-03T14:11:20+08:00,2
ling_qiao_min,I43KD4,2021-08-03T09:15:55+08:00,3
xiefangqi,I43HGI,2021-08-02T14:29:24+08:00,1
YeFeng_24,I43GL8,2021-08-02T20:53:03+08:00,3
liu-xuu,I43G22,2021-08-03T09:24:16+08:00,3
mengyuanli,I43FMY,2021-08-03T09:25:34+08:00,0
xu_anyue,I43F2A,2021-08-02T19:08:15+08:00,2
zong-shuai,I43F1D,2021-08-05T14:09:33+08:00,1
zhangbuxue,I43ESK,2021-08-02T09:52:12+08:00,1
zhanghui_china,I43ERB,2021-08-02T09:49:55+08:00,2
wmzheng2020,I43EQL,2021-08-02T09:46:41+08:00,3
wmzheng2020,I43EHG,2021-08-02T10:24:57+08:00,3
zhaodezan,I43ECE,2021-08-02T09:36:04+08:00,1
qingshanxiaozi,I43DJ8,2021-08-01T20:19:19+08:00,1
yzhouxdu,I43DG0,2021-08-01T18:55:26+08:00,4
ck00388204,I43BSY,2021-08-05T14:09:02+08:00,3
ck00388204,I43BSL,2021-08-06T15:10:16+08:00,1
xu_anyue,I43BQG,2021-08-02T19:08:42+08:00,2
xu_anyue,I43BOO,2021-08-06T15:35:06+08:00,2
jacinz,I43B2R,2021-08-03T18:58:45+08:00,3
yangruoqi713,I43AYE,2021-07-31T17:59:51+08:00,3
probiotics_53,I43AXY,2021-08-03T11:16:06+08:00,3
yangzhenzhang,I43AV3,2021-08-03T16:48:38+08:00,1
ling_qiao_min,I43AUZ,2021-07-31T16:11:32+08:00,1
feng_linfei,I43AU0,2021-08-03T20:31:33+08:00,2
gaojing22,I43ARJ,2021-08-02T17:07:27+08:00,1
zhaodezan,I43AR3,2021-07-31T16:09:42+08:00,1
ginfung,I43AEU,2021-08-09T08:51:27+08:00,3
feng_linfei,I43ACW,2021-08-03T16:10:55+08:00,2
ZJUTER0126,I439C3,2021-07-31T09:14:44+08:00,1
YeFeng_24,I439BV,2021-08-02T14:16:16+08:00,3
fireinthehole1024,I43985,2021-08-04T17:27:22+08:00,2
mhmotallebi,I4393P,2021-08-05T02:58:26+08:00,2
mhmotallebi,I4393L,2021-08-05T02:58:01+08:00,2
chu-jibiao,I437RS,2021-08-05T17:11:40+08:00,3
wmzheng2020,I436BM,2021-08-09T11:42:13+08:00,3
mengyuanli,I4364A,2021-07-30T15:18:17+08:00,3
liu-xuu,I435VY,2021-07-31T09:40:48+08:00,3
xu_anyue,I434OR,2021-07-31T15:46:15+08:00,2
xu_anyue,I434IY,2021-07-31T15:45:44+08:00,2
liangchenghui,I433JK,2021-07-30T11:11:18+08:00,2
chu-jibiao,I432NF,2021-07-30T09:52:14+08:00,3
zetongzhao,I431U0,2021-08-07T05:47:10+08:00,2
coding2020,I431R7,2021-08-05T08:50:59+08:00,0
mahequn123,I430QI,2021-07-29T18:26:55+08:00,1
mu_rong_meng,I430HM,2021-08-04T15:07:12+08:00,3
gongliyao,I42ZF3,2021-07-29T16:23:50+08:00,2
liu-xuu,I42Z25,2021-08-05T19:21:10+08:00,3
wow_ha_ha_ha,I42YRR,2021-08-06T10:50:46+08:00,2
zhaodezan,I42YOV,2021-07-30T11:35:13+08:00,1
shirleyzhang086,I42YJN,2021-08-03T15:19:06+08:00,3
mahequn123,I42XU9,2021-07-31T16:34:23+08:00,2
liuyang_655,I42WTI,2021-08-03T16:10:29+08:00,2
wow_ha_ha_ha,I42WS2,2021-08-03T14:27:40+08:00,2
gongliyao,I42WHT,2021-07-29T10:54:56+08:00,2
cathwong,I42V6E,2021-07-29T09:53:30+08:00,1
tina_mengting_zhang,I42V6D,2021-07-29T03:48:42+08:00,1
zetongzhao,I42V03,2021-07-30T04:42:15+08:00,1
zetongzhao,I42URG,2021-07-31T05:05:46+08:00,1
mahequn123,I42UR0,2021-08-04T15:32:00+08:00,1
mahequn123,I42UQU,2021-07-31T10:51:31+08:00,1
luoyang42,I42U9G,2021-07-28T18:28:04+08:00,1
zhanglei546,I42TLN,2021-07-29T14:17:07+08:00,3
jack_leekiller,I42THH,2021-08-09T14:03:40+08:00,1
xuebao-zhang,I42TE0,2021-08-02T11:41:55+08:00,2
gongdaguo,I42S57,2021-08-04T17:08:31+08:00,0
zhanglei546,I42RSU,2021-08-04T14:00:45+08:00,3
mu_rong_meng,I42RJV,2021-08-04T15:08:37+08:00,3
zhangpanting,I42R48,2021-08-03T14:38:55+08:00,2
xiaohaoliang,I42QOX,2021-07-28T13:26:58+08:00,2
yzhouxdu,I42QLE,2021-07-29T09:37:34+08:00,2
mu_rong_meng,I42QGN,2021-08-04T15:09:16+08:00,3
probiotics_53,I42QAA,2021-07-30T09:20:08+08:00,0
feng_linfei,I42Q7D,2021-08-03T14:38:37+08:00,2
zhunaipan,I42Q3J,2021-07-28T11:24:16+08:00,0
probiotics_53,I42Q2J,2021-07-30T09:20:20+08:00,3
luoyang42,I42PQJ,2021-08-04T17:06:24+08:00,0
probiotics_53,I42PIC,2021-08-02T17:20:34+08:00,3
huangxinjing,I42PEK,2021-07-28T14:24:46+08:00,3
feng_linfei,I42P0L,2021-08-03T11:30:54+08:00,3
tina_mengting_zhang,I42OFW,2021-07-28T10:01:39+08:00,0
zyhstack,I42O4H,2021-07-27T21:40:04+08:00,3
wmzheng2020,I42NZM,2021-07-27T22:46:05+08:00,2
gongdaguo,I42NVC,2021-07-30T09:37:20+08:00,0
mahequn123,I42NON,2021-07-27T19:06:31+08:00,2
mahequn123,I42NJS,2021-08-05T11:09:05+08:00,1
mahequn123,I42NDO,2021-08-05T14:28:13+08:00,2
mu_rong_meng,I42N7W,2021-07-30T17:20:33+08:00,2
mu_rong_meng,I42MZX,2021-07-27T17:32:16+08:00,2
NewMesc,I42MT6,2021-07-28T09:44:32+08:00,2
gongliyao,I42MT2,2021-08-09T10:25:10+08:00,1
si_chasing,I42MKH,2021-07-30T11:04:25+08:00,2
mu_rong_meng,I42MGL,2021-08-04T15:35:20+08:00,3
wangzheng1215,I42LB9,2021-08-03T21:39:07+08:00,1
zhanyuan1,I42JZS,2021-07-29T10:42:46+08:00,1
zhangzhaoju,I42JE3,2021-07-27T11:02:49+08:00,2
wmzheng2020,I42IWI,2021-07-30T09:31:45+08:00,2
zhanglei546,I42I6P,2021-07-31T15:59:35+08:00,3
feng_linfei,I42I5Z,2021-08-04T11:10:35+08:00,2
weisun092,I42HSS,2021-07-29T09:24:15+08:00,0
devilmaycry812839668,I42HOW,2021-07-29T10:45:16+08:00,0
zichun_ye,I42HN4,2021-07-27T23:17:43+08:00,0
zhubaiwan,I42HGC,2021-07-29T10:04:35+08:00,1
zhubaiwan,I42HFM,2021-07-29T10:07:40+08:00,1
chu-jibiao,I42HDO,2021-08-05T17:05:18+08:00,2
zyhstack,I42H50,2021-07-27T18:42:52+08:00,1
zhubaiwan,I42GPH,2021-07-29T10:18:42+08:00,1
pawn_sxy,I42GBO,2021-07-29T10:14:58+08:00,2
lixintao2,I42G6H,2021-08-04T11:23:02+08:00,3
xu_anyue,I42G5C,2021-07-27T10:33:40+08:00,2
xu_anyue,I42G4F,2021-07-27T10:33:26+08:00,2
xuebao-zhang,I42FC7,2021-07-29T10:06:15+08:00,3
xuebao-zhang,I42F60,2021-07-30T09:30:16+08:00,3
hwjiaorui,I42EVA,2021-08-09T09:40:50+08:00,1
barry_cloud,I42E4L,2021-08-03T17:27:27+08:00,2
zhaozhenlong,I42BR9,2021-07-29T09:43:20+08:00,3
zhangpanting,I429FW,2021-07-24T19:07:22+08:00,2
zhao_ting_v,I429CS,2021-07-24T18:08:23+08:00,1
gongliyao,I4292K,2021-08-05T14:39:10+08:00,1
david-he91,I428VL,2021-08-09T11:29:44+08:00,1
david-he91,I428VF,2021-08-09T11:29:51+08:00,1
david-he91,I428VE,2021-07-27T20:31:06+08:00,1
luxuff,I428HH,2021-07-26T14:36:52+08:00,1
zhanglei546,I428DP,2021-07-31T16:01:39+08:00,3
devilmaycry812839668,I4280J,2021-07-29T17:15:01+08:00,3
harshvardhangupta,I427OY,2021-07-24T01:36:33+08:00,2
irmo,I427FP,2021-07-29T11:48:22+08:00,2
xu_anyue,I4274X,2021-07-24T14:58:22+08:00,2
mu_rong_meng,I426XL,2021-08-06T17:31:59+08:00,2
yangzhenzhang,I426KV,2021-07-26T21:20:48+08:00,1
chu-jibiao,I426GE,2021-08-05T17:22:59+08:00,2
aishuaiyao,I4262C,2021-07-26T17:00:10+08:00,3
gongliyao,I4260U,2021-08-03T19:18:01+08:00,2
probiotics_53,I424E8,2021-07-27T10:05:59+08:00,3
probiotics_53,I424BR,2021-07-27T10:07:14+08:00,3
frotms,I423KR,2021-07-26T14:24:36+08:00,1
huangbo77,I4231P,2021-07-27T10:55:38+08:00,0
huangbingjian,I422VG,2021-08-09T09:23:30+08:00,2
xiaohui-sophie,I422U8,2021-07-26T14:18:57+08:00,2
gongliyao,I422RB,2021-07-23T10:36:28+08:00,2
wang_shaocong,I422JQ,2021-07-23T17:01:49+08:00,3
yanglf1121,I4225Z,2021-07-23T19:24:40+08:00,1
yeyunpeng2020,I421UN,2021-07-26T19:25:40+08:00,1
hfarahat,I421KX,2021-07-24T04:43:37+08:00,1
xu_anyue,I420TT,2021-07-31T20:02:49+08:00,2
chu-jibiao,I420AJ,2021-08-05T17:07:18+08:00,3
lingyunli63,I41Z8E,2021-07-29T17:15:03+08:00,1
wu_tian_yu9,I41Y02,2021-08-05T11:35:19+08:00,3
coding2020,I41XX2,2021-07-27T10:16:14+08:00,3
lizhenglong1992,I41XWL,2021-07-22T15:09:52+08:00,1
xu_anyue,I41WU1,2021-07-23T19:03:20+08:00,2
tiancixiao,I41WT5,2021-07-22T11:56:46+08:00,1
laijiajun,I41WQS,2021-07-23T09:17:19+08:00,2
eason-hw,I41WN1,2021-08-03T11:31:59+08:00,2
tronzhang,I41WFN,2021-07-27T16:15:07+08:00,1
chu-jibiao,I41VSL,2021-08-05T19:29:28+08:00,2
YeFeng_24,I41V29,2021-07-23T09:31:25+08:00,0
lixintao2,I41UYR,2021-07-22T10:29:15+08:00,3
wmzheng2020,I41UXZ,2021-07-31T21:12:48+08:00,2
wmzheng2020,I41UWZ,2021-07-23T08:58:05+08:00,2
ginfung,I41U58,2021-07-21T20:12:45+08:00,2
amalle,I41SQ7,2021-07-22T14:27:49+08:00,1
mu_rong_meng,I41SHW,2021-07-31T16:32:27+08:00,2
jihongtao,I41RYN,2021-08-05T10:14:29+08:00,1
wmzheng2020,I41RII,2021-08-04T10:14:31+08:00,2
zhanyuan1,I41QWG,2021-07-27T16:31:36+08:00,1
maning202007,I41PSH,2021-07-22T09:20:34+08:00,1
wmzheng2020,I41PHY,2021-07-28T16:53:29+08:00,4
aishuaiyao,I41PBA,2021-07-21T10:44:05+08:00,1
zhangbuxue,I41OU4,2021-07-21T10:03:33+08:00,1
zhangbuxue,I41OTJ,2021-08-02T09:47:46+08:00,1
RiEnRiu,I41ONQ,2021-07-28T12:02:39+08:00,2
Fazzie,I41OAI,2021-07-26T14:15:55+08:00,1
zhaodezan,I41OAH,2021-07-21T10:44:42+08:00,0
zetongzhao,I41NTN,2021-07-28T06:54:33+08:00,1
zhupuxu,I41N7A,2021-07-21T09:08:46+08:00,1
maning202007,I41N6K,2021-07-20T20:59:45+08:00,0
mu_rong_meng,I41N60,2021-07-20T20:23:03+08:00,3
maning202007,I41N5X,2021-07-24T04:32:08+08:00,1
zhanglei546,I41MSK,2021-08-04T11:25:53+08:00,3
liu-xuu,I41LSI,2021-07-22T14:14:59+08:00,3
zhongjicheng,I41LK6,2021-07-20T19:59:41+08:00,4
xuebao-zhang,I41KV7,2021-07-20T16:03:59+08:00,2
lvmingfu,I41KL4,2021-07-22T10:02:13+08:00,1
zhanglei546,I41KIJ,2021-07-26T15:39:00+08:00,3
lvyufeng,I41KHM,2021-07-27T17:43:09+08:00,0
yangzhenzhang,I41KGQ,2021-07-21T15:26:22+08:00,1
lvmingfu,I41KEI,2021-07-22T10:02:18+08:00,1
probiotics_53,I41JM9,2021-07-23T11:35:55+08:00,3
YeFeng_24,I41HQQ,2021-07-21T09:05:40+08:00,3
liu-xuu,I41H8Q,2021-07-20T17:14:39+08:00,3
xu_anyue,I41H8E,2021-07-24T16:39:16+08:00,2
huangbo77,I41H3S,2021-07-22T19:46:25+08:00,2
jack_leekiller,I41H2X,2021-07-23T09:22:00+08:00,1
jack_leekiller,I41GTZ,2021-07-23T09:22:10+08:00,1
shuzigood,I41FC7,2021-07-22T09:27:30+08:00,3
ronnie-ten,I41E86,2021-08-05T17:42:30+08:00,2
iotwins,I41DWB,2021-07-19T16:59:38+08:00,3
nicholas_yhr,I41DVP,2021-07-22T09:29:21+08:00,2
yangzhenzhang,I41CHG,2021-07-20T09:23:08+08:00,1
zhangpanting,I41BWG,2021-07-21T18:39:25+08:00,3
yeyunpeng2020,I41BQE,2021-07-29T09:20:09+08:00,2
wmzheng2020,I41AYB,2021-07-28T16:53:55+08:00,3
cheng_xiaoli,I41AMX,2021-08-02T20:56:53+08:00,2
c_34,I41A4H,2021-07-19T10:38:18+08:00,3
mu_rong_meng,I419T1,2021-07-21T09:40:20+08:00,3
wmzheng2020,I419HA,2021-07-21T10:56:31+08:00,3
YeFeng_24,I419CH,2021-07-27T11:51:41+08:00,3
xuziheng66,I417XN,2021-08-02T20:04:07+08:00,2
xiefangqi,I4177Y,2021-07-18T02:04:27+08:00,3
xu_anyue,I416IC,2021-07-19T21:05:53+08:00,2
lixiachen,I414AD,2021-07-17T23:37:56+08:00,2
lixiachen,I414AC,2021-07-17T23:37:54+08:00,2
donghufeng,I41491,2021-07-19T09:22:29+08:00,4
harshvardhangupta,I4146M,2021-07-16T23:59:42+08:00,1
harshvardhangupta,I4146J,2021-07-16T23:59:43+08:00,1
cooper44,I412A5,2021-07-22T09:10:40+08:00,2
cooper44,I4129E,2021-07-22T09:10:20+08:00,2
mengyuanli,I410DV,2021-07-19T09:09:25+08:00,3
Fazzie,I40ZS1,2021-08-04T10:13:55+08:00,2
jojobugfree,I40YZV,2021-07-16T16:46:50+08:00,2
tina_mengting_zhang,I40VU8,2021-07-16T14:35:30+08:00,2
lvyufeng,I40VR3,2021-07-19T17:25:12+08:00,2
wl835546292,I40VMV,2021-07-22T09:21:35+08:00,3
wmzheng2020,I40VIG,2021-07-26T20:30:27+08:00,2
lvmingfu,I40VBZ,2021-07-16T10:25:02+08:00,2
yzhouxdu,I40UWF,2021-07-16T17:20:38+08:00,3
donghufeng,I40TRQ,2021-07-15T16:39:38+08:00,1
chu-jibiao,I40THP,2021-07-26T17:03:58+08:00,3
zhengjun10,I40SS9,2021-07-16T15:21:29+08:00,2
chen_ying113,I40SRU,2021-07-16T10:51:02+08:00,2
si_chasing,I40SJQ,2021-07-16T09:21:29+08:00,2
mu_rong_meng,I40SEZ,2021-07-26T20:43:26+08:00,1
xuebao-zhang,I40RMW,2021-08-09T10:06:50+08:00,3
liu-xuu,I40RC8,2021-07-19T10:47:31+08:00,3
mu_rong_meng,I40R3K,2021-07-16T15:57:20+08:00,3
mu_rong_meng,I40QYO,2021-07-16T09:25:30+08:00,2
xu-yfei,I40QWZ,2021-07-15T14:27:34+08:00,1
wmzheng2020,I40QHI,2021-07-22T11:24:29+08:00,3
duan0035,I40Q54,2021-07-21T11:52:52+08:00,2
alashkari,I40POL,2021-07-16T12:39:14+08:00,2
mhmotallebi,I40POJ,2021-07-17T03:21:37+08:00,2
mhmotallebi,I40PNM,2021-07-17T03:21:37+08:00,2
markuskunej,I40PKU,2021-07-16T15:39:11+08:00,2
xty797,I40PET,2021-07-15T17:08:15+08:00,2
bcc2974874275,I40P98,2021-07-19T20:53:51+08:00,2
xiefangqi,I40P3V,2021-07-14T20:25:51+08:00,3
humanyue,I40P33,2021-07-16T15:40:07+08:00,2
zetongzhao,I40P2H,2021-07-24T04:16:09+08:00,2
wang_chao312,I40OMB,2021-07-15T18:40:10+08:00,2
mu_rong_meng,I40OC9,2021-08-05T21:02:19+08:00,2
mu_rong_meng,I40OBQ,2021-08-05T21:02:19+08:00,2
mu_rong_meng,I40OBB,2021-08-05T21:02:19+08:00,2
HidyLi,I40O9B,2021-07-20T15:01:25+08:00,2
mu_rong_meng,I40O8E,2021-07-20T10:39:19+08:00,1
mu_rong_meng,I40O08,2021-07-16T16:00:34+08:00,2
xuebao-zhang,I40NZL,2021-07-26T14:47:02+08:00,2
hwyyj,I40NYG,2021-07-14T17:23:58+08:00,1
cooper44,I40NUR,2021-07-15T10:16:03+08:00,1
cooper44,I40NQL,2021-07-15T10:15:49+08:00,1
caoruyue1,I40NOC,2021-07-19T20:12:14+08:00,3
caoruyue1,I40NLP,2021-07-15T16:38:40+08:00,3
shirleyzhang086,I40MH5,2021-07-20T15:35:15+08:00,4
xu_anyue,I40LXF,2021-07-14T17:57:14+08:00,3
zuochuanyong,I40LTS,2021-07-22T09:08:35+08:00,5
zhoufeng54,I40LM6,2021-07-14T21:01:17+08:00,4
mu_rong_meng,I40KMQ,2021-07-16T16:01:06+08:00,2
mu_rong_meng,I40KLS,2021-07-16T16:01:15+08:00,2
lvmingfu,I40K82,2021-07-15T19:29:06+08:00,1
ling_qiao_min,I40JTB,2021-07-16T15:54:42+08:00,2
wl835546292,I40JRI,2021-07-16T10:59:18+08:00,1
wmzheng2020,I40JLE,2021-07-15T19:13:38+08:00,3
mu_rong_meng,I40JLC,2021-07-16T16:01:17+08:00,2
wang_shaocong,I40JGB,2021-08-06T17:22:23+08:00,3
jihongtao,I40JG1,2021-07-22T19:28:38+08:00,2
wl835546292,I40JF0,2021-07-15T16:37:11+08:00,1
gongdaguo,I40JB4,2021-07-14T21:07:16+08:00,2
zetongzhao,I40J28,2021-07-14T21:37:03+08:00,1
weisun092,I40IXI,2021-07-14T09:13:08+08:00,0
mu_rong_meng,I40IPW,2021-07-13T21:49:12+08:00,3
luoyang42,I40IPQ,2021-07-16T17:44:02+08:00,2
lixiachen,I40IP2,2021-07-14T21:39:05+08:00,0
xuebao-zhang,I40IOY,2021-07-26T14:38:13+08:00,2
luoyang42,I40IOV,2021-07-16T17:37:13+08:00,1
lvmingfu,I40IO5,2021-07-14T10:11:33+08:00,1
bcc2974874275,I40INS,2021-07-15T09:55:18+08:00,2
bcc2974874275,I40INR,2021-07-15T09:54:02+08:00,2
lvmingfu,I40ILY,2021-07-13T20:58:02+08:00,1
chu-jibiao,I40ILA,2021-07-22T10:00:07+08:00,2
ling_qiao_min,I40IKE,2021-07-16T16:47:15+08:00,1
shuzigood,I40ID7,2021-07-21T10:53:34+08:00,2
mu_rong_meng,I40I7K,2021-07-14T16:58:18+08:00,2
wu_tian_yu9,I40I76,2021-07-14T11:53:14+08:00,2
huangbo77,I40GOP,2021-07-22T19:43:18+08:00,1
david-he91,I40GI2,2021-07-13T16:55:56+08:00,1
david-he91,I40GHT,2021-07-13T16:55:35+08:00,1
david-he91,I40GHW,2021-07-13T16:55:44+08:00,1
david-he91,I40GHY,2021-07-13T16:55:48+08:00,1
david-he91,I40GHJ,2021-07-13T16:55:12+08:00,1
david-he91,I40GHN,2021-07-13T16:55:17+08:00,1
david-he91,I40GHH,2021-07-13T16:55:06+08:00,1
david-he91,I40GHB,2021-07-13T16:54:55+08:00,1
david-he91,I40GHF,2021-07-13T16:55:01+08:00,1
david-he91,I40GH5,2021-07-13T16:54:44+08:00,1
david-he91,I40GH9,2021-07-13T16:54:49+08:00,1
david-he91,I40GGW,2021-07-13T16:54:24+08:00,1
david-he91,I40GGU,2021-07-13T16:54:18+08:00,1
david-he91,I40GFN,2021-07-13T16:53:03+08:00,1
david-he91,I40GG1,2021-07-13T16:53:16+08:00,1
david-he91,I40GFH,2021-07-13T16:52:56+08:00,1
david-he91,I40GFR,2021-07-13T16:53:09+08:00,1
wang_chao312,I40FRO,2021-07-14T15:42:49+08:00,3
wang_chao312,I40FN7,2021-07-14T15:41:54+08:00,3
david-he91,I40FIU,2021-07-13T16:50:30+08:00,1
david-he91,I40FIP,2021-07-13T16:50:29+08:00,1
david-he91,I40FIN,2021-07-13T16:50:28+08:00,1
david-he91,I40FIM,2021-07-13T16:50:27+08:00,1
david-he91,I40FIK,2021-07-13T16:50:25+08:00,1
david-he91,I40FIG,2021-07-13T16:50:24+08:00,1
david-he91,I40FID,2021-07-13T16:50:23+08:00,1
david-he91,I40FI9,2021-07-13T16:50:22+08:00,1
david-he91,I40FI7,2021-07-13T16:50:21+08:00,1
david-he91,I40FI0,2021-07-13T16:50:17+08:00,1
david-he91,I40FI3,2021-07-13T16:50:18+08:00,1
david-he91,I40FI5,2021-07-13T16:50:20+08:00,1
david-he91,I40FHV,2021-07-13T16:50:16+08:00,1
david-he91,I40FHR,2021-07-13T16:50:15+08:00,1
david-he91,I40FHK,2021-07-13T16:50:12+08:00,1
david-he91,I40FHH,2021-07-13T16:50:11+08:00,1
david-he91,I40FHP,2021-07-13T16:50:14+08:00,1
david-he91,I40FHE,2021-07-13T16:51:35+08:00,1
david-he91,I40FG5,2021-08-02T18:48:24+08:00,1
david-he91,I40FG0,2021-07-13T15:46:17+08:00,1
david-he91,I40FFZ,2021-08-05T11:45:09+08:00,1
david-he91,I40FFU,2021-08-03T22:29:27+08:00,1
david-he91,I40FFX,2021-08-02T18:41:48+08:00,1
david-he91,I40FFO,2021-08-02T18:28:46+08:00,1
david-he91,I40FFH,2021-08-02T18:34:27+08:00,1
shenwei41,I40EYL,2021-07-19T10:43:15+08:00,1
yeyunpeng2020,I40EVF,2021-07-14T12:32:17+08:00,1
wmzheng2020,I40EPS,2021-07-13T16:06:16+08:00,2
wmzheng2020,I40ELY,2021-07-19T11:47:16+08:00,2
gongdaguo,I40EJE,2021-07-13T17:18:44+08:00,2
xu_anyue,I40DLD,2021-07-13T18:51:51+08:00,2
mu_rong_meng,I40DIU,2021-07-13T23:16:23+08:00,3
wu_tian_yu9,I40DHS,2021-07-20T10:09:43+08:00,3
wl835546292,I40DDC,2021-07-15T16:38:12+08:00,1
wang_chao312,I40D8Y,2021-07-14T11:51:21+08:00,3
ling_qiao_min,I40D6P,2021-07-15T09:09:18+08:00,1
liu-xuu,I40D65,2021-07-15T15:50:50+08:00,3
huangxinjing,I40CVQ,2021-07-13T17:05:30+08:00,2
jojobugfree,I40C9J,2021-07-15T10:23:20+08:00,2
zhongjicheng,I40C2R,2021-07-16T15:23:55+08:00,6
liu_xiao_93,I40C08,2021-07-14T09:13:53+08:00,3
lixiachen,I40BHQ,2021-07-14T21:39:04+08:00,2
wl835546292,I40BAK,2021-07-15T16:06:16+08:00,1
wmzheng2020,I40B4I,2021-07-13T11:20:36+08:00,2
wl835546292,I40B1X,2021-07-13T09:56:10+08:00,1
caoruyue1,I40AVJ,2021-07-15T14:45:25+08:00,2
xuziheng66,I40AV8,2021-07-13T15:20:07+08:00,1
xuebao-zhang,I40A9L,2021-07-26T14:41:17+08:00,2
jack_leekiller,I40A1P,2021-07-20T15:03:26+08:00,1
jack_leekiller,I40A14,2021-07-20T15:03:50+08:00,2
jack_leekiller,I40A0P,2021-07-15T16:35:46+08:00,2
jack_leekiller,I409Z1,2021-08-06T09:17:05+08:00,1
CRADIUM,I409YJ,2021-07-15T14:57:38+08:00,2
caoruyue1,I409LA,2021-07-14T09:52:19+08:00,3
huangxinjing,I4096M,2021-07-12T17:00:54+08:00,2
caoruyue1,I408A6,2021-07-14T09:56:20+08:00,4
YeFeng_24,I4082E,2021-07-13T14:10:13+08:00,3
louie5,I407XX,2021-07-13T14:49:47+08:00,2
cyx2020,I406SM,2021-07-22T09:32:41+08:00,2
luoyang42,I406ON,2021-07-14T19:42:50+08:00,4
mu_rong_meng,I406GL,2021-07-21T18:15:36+08:00,5
mindmender_duan,I4069J,2021-07-12T15:05:15+08:00,1
mu_rong_meng,I405ZH,2021-07-13T16:37:14+08:00,4
xu_anyue,I405ZB,2021-07-12T11:37:56+08:00,2
yangruoqi713,I405Y9,2021-07-15T16:26:12+08:00,1
cjh9368,I405XU,2021-07-12T19:23:16+08:00,3
aishuaiyao,I405MH,2021-07-12T10:41:04+08:00,4
wmzheng2020,I40590,2021-07-21T15:21:27+08:00,2
jack_leekiller,I4055E,2021-07-14T15:14:52+08:00,2
xuziheng66,I40528,2021-07-12T16:15:11+08:00,1
jack_leekiller,I404X9,2021-07-14T15:14:40+08:00,2
jack_leekiller,I404W9,2021-07-14T16:26:41+08:00,1
goluke,I404CP,2021-07-13T09:59:59+08:00,2
xu_anyue,I4041C,2021-07-12T15:13:13+08:00,2
xu_anyue,I40403,2021-07-11T18:49:36+08:00,1
lindalsyj8,I403Z4,2021-07-12T19:11:29+08:00,2
lindalsyj8,I403YS,2021-07-22T09:28:14+08:00,0
zhunaipan,I403VU,2021-07-26T18:43:13+08:00,1
mengyuanli,I403R9,2021-07-16T14:55:28+08:00,0
xu_anyue,I403DY,2021-07-13T14:54:17+08:00,2
JeffDing890430,I4031D,2021-07-28T06:30:15+08:00,1
sxqxdjl,I402FJ,2021-07-12T09:05:47+08:00,1
HidyLi,I4024W,2021-07-12T16:26:06+08:00,2
wu_tian_yu9,I401XH,2021-07-13T19:56:07+08:00,2
wmzheng2020,I400ZN,2021-07-15T19:17:37+08:00,3
cjh9368,I400WU,2021-07-12T10:08:17+08:00,3
cjh9368,I400WO,2021-07-10T10:51:15+08:00,3
zhengjun10,I400O3,2021-07-10T18:11:03+08:00,1
JeffDing890430,I400E3,2021-07-10T20:19:07+08:00,1
ziruiwu,I400DL,2021-07-14T21:47:14+08:00,1
cathwong,I400DJ,2021-07-28T05:46:38+08:00,3
harshvardhangupta,I400BX,2021-07-15T20:50:29+08:00,2
harshvardhangupta,I400BN,2021-07-15T20:44:29+08:00,1
eedalong,I3ZZPS,2021-07-12T19:11:42+08:00,1
lvmingfu,I3ZZ8Y,2021-07-09T18:52:54+08:00,1
liu-xuu,I3ZZ87,2021-07-14T16:30:17+08:00,3
randy-wangx,I3ZZ6W,2021-07-21T09:35:36+08:00,2
lizhenglong1992,I3ZZ61,2021-07-09T17:49:35+08:00,2
wmzheng2020,I3ZZ5W,2021-07-15T19:15:37+08:00,2
shuxianhe,I3ZYUR,2021-07-15T19:12:44+08:00,2
caoruyue1,I3ZYMB,2021-07-23T11:06:31+08:00,2
caoruyue1,I3ZYIX,2021-07-14T16:17:06+08:00,2
xiefangqi,I3ZYHR,2021-07-09T16:57:06+08:00,3
caoruyue1,I3ZYE0,2021-07-14T11:03:47+08:00,3
chu-jibiao,I3ZXMI,2021-07-13T10:01:02+08:00,2
HidyLi,I3ZXLG,2021-07-12T16:25:05+08:00,2
huangxinjing,I3ZXKP,2021-07-09T15:51:32+08:00,1
luoyang42,I3ZX7N,2021-07-14T19:42:52+08:00,3
jack_leekiller,I3ZUY4,2021-07-12T10:08:08+08:00,1
cooper44,I3ZUIP,2021-07-13T09:30:39+08:00,1
zhengjun10,I3ZUHE,2021-07-09T13:04:07+08:00,1
wang_chao312,I3ZUFT,2021-07-16T16:35:44+08:00,2
woshixiaoli,I3ZUF7,2021-07-28T09:19:30+08:00,3
hfarahat,I3ZTZ0,2021-07-14T03:11:02+08:00,1
harshvardhangupta,I3ZTYM,2021-07-12T21:25:35+08:00,1
jack_leekiller,I3ZTF5,2021-07-12T10:31:49+08:00,1
jack_leekiller,I3ZTF2,2021-07-15T15:03:50+08:00,2
jack_leekiller,I3ZTEZ,2021-07-14T17:13:19+08:00,2
luoyang42,I3ZTD6,2021-07-08T22:45:12+08:00,3
jjfeing,I3ZSZW,2021-07-12T10:32:37+08:00,1
jojobugfree,I3ZSYC,2021-07-09T09:18:50+08:00,3
si_chasing,I3ZSXO,2021-07-13T11:49:35+08:00,2
HidyLi,I3ZSWF,2021-07-12T14:50:30+08:00,3
jiaoy1224,I3ZST5,2021-07-31T09:48:31+08:00,3
zhongjicheng,I3ZSOS,2021-07-08T20:07:24+08:00,4
HidyLi,I3ZSMY,2021-07-10T11:13:37+08:00,3
HidyLi,I3ZSM7,2021-07-10T10:34:55+08:00,3
caoruyue1,I3ZSLN,2021-07-09T17:41:25+08:00,3
si_chasing,I3ZSHF,2021-07-15T11:20:49+08:00,3
caoruyue1,I3ZSEI,2021-07-22T11:43:50+08:00,4
xu_anyue,I3ZSDV,2021-07-10T14:54:56+08:00,2
caoruyue1,I3ZSDF,2021-07-09T17:51:25+08:00,3
HidyLi,I3ZS6Q,2021-07-10T10:28:56+08:00,2
si_chasing,I3ZS31,2021-07-13T09:17:59+08:00,3
xuebao-zhang,I3ZRU1,2021-07-26T18:57:09+08:00,3
xuebao-zhang,I3ZRN1,2021-07-20T11:39:14+08:00,3
xu_anyue,I3ZRBF,2021-07-20T10:32:39+08:00,2
yangzhenzhang,I3ZQYK,2021-07-09T17:32:49+08:00,1
wu_tian_yu9,I3ZQVI,2021-07-16T14:56:53+08:00,2
si_chasing,I3ZQUD,2021-07-14T16:59:45+08:00,3
mindmender_duan,I3ZQ1R,2021-07-09T20:00:10+08:00,5
cooper44,I3ZPZJ,2021-07-12T09:12:27+08:00,2
cooper44,I3ZPSK,2021-07-13T09:53:05+08:00,2
dayschan,I3ZPS5,2021-07-19T16:13:36+08:00,2
gongdaguo,I3ZPRT,2021-07-08T19:13:44+08:00,2
cooper44,I3ZPO5,2021-07-14T17:18:59+08:00,2
mu_rong_meng,I3ZOTS,2021-07-13T16:37:32+08:00,4
cooper44,I3ZORU,2021-07-12T09:42:52+08:00,2
jxlang910,I3ZOOS,2021-07-10T11:03:13+08:00,1
huangxinjing,I3ZOMY,2021-07-08T15:17:41+08:00,2
goluke,I3ZN9Y,2021-07-10T14:10:55+08:00,1
xu_anyue,I3ZN2U,2021-07-08T19:07:42+08:00,2
xu_anyue,I3ZN1G,2021-07-08T16:39:40+08:00,2
mu_rong_meng,I3ZMRW,2021-07-13T16:44:39+08:00,4
HidyLi,I3ZM48,2021-07-10T10:13:45+08:00,3
yangzhenzhang,I3ZLM2,2021-07-08T14:51:40+08:00,1
liyanjun10,I3ZL0O,2021-07-15T21:49:42+08:00,5
lordway,I3ZKRL,2021-07-09T18:07:40+08:00,3
humanyue,I3ZKQ9,2021-07-16T16:49:29+08:00,2
luoyang42,I3ZKI5,2021-07-08T22:39:33+08:00,3
luoyang42,I3ZKA3,2021-07-08T22:39:56+08:00,3
wtcheng,I3ZJZ4,2021-07-07T17:38:03+08:00,1
wtcheng,I3ZJTI,2021-07-07T17:39:59+08:00,2
caoruyue1,I3ZJRT,2021-07-09T17:53:22+08:00,3
wu_tian_yu9,I3ZJO9,2021-08-06T11:40:05+08:00,2
mu_rong_meng,I3ZJNV,2021-07-16T16:11:02+08:00,4
bcc2974874275,I3ZJJX,2021-07-08T16:59:08+08:00,2
zhengjun10,I3ZJ7E,2021-07-07T16:36:04+08:00,1
cooper44,I3ZJ6M,2021-07-13T09:52:13+08:00,2
cooper44,I3ZJ54,2021-07-13T09:25:16+08:00,2
wu_tian_yu9,I3ZJ1N,2021-07-09T17:41:16+08:00,2
wangyuan20,I3ZIZO,2021-07-15T15:00:38+08:00,2
wu_tian_yu9,I3ZIW3,2021-08-02T09:11:46+08:00,3
wmzheng2020,I3ZI7L,2021-07-14T11:02:43+08:00,2
wmzheng2020,I3ZHYJ,2021-07-10T11:18:25+08:00,3
wmzheng2020,I3ZHWG,2021-07-09T10:13:01+08:00,3
wmzheng2020,I3ZHOX,2021-07-12T14:51:59+08:00,3
zuochuanyong,I3ZGYA,2021-07-07T19:00:38+08:00,2
wmzheng2020,I3ZGY6,2021-07-09T09:35:38+08:00,3
donghufeng,I3ZGVK,2021-07-10T17:01:38+08:00,1
jxfruit,I3ZGEA,2021-07-08T09:42:50+08:00,1
devilmaycry812839668,I3ZG99,2021-07-12T20:30:40+08:00,2
cooper44,I3ZG7R,2021-07-12T09:15:55+08:00,2
JeffDing890430,I3ZFSH,2021-07-22T12:48:16+08:00,1
pandoublefeng,I3ZEX1,2021-07-09T15:14:50+08:00,1
wtcheng,I3ZEQK,2021-07-16T16:49:38+08:00,1
lixiachen,I3ZEI0,2021-07-08T05:25:44+08:00,2
mu_rong_meng,I3ZEBK,2021-07-09T15:06:14+08:00,4
probiotics_53,I3ZEAY,2021-07-13T09:29:54+08:00,3
mu_rong_meng,I3ZEAE,2021-07-10T15:23:02+08:00,4
wu_tian_yu9,I3ZE3L,2021-07-16T14:57:17+08:00,3
zhang_xue_tong,I3ZE31,2021-07-08T09:25:46+08:00,1
YeFeng_24,I3ZDZR,2021-07-07T09:30:08+08:00,0
mu_rong_meng,I3ZD57,2021-07-10T15:19:41+08:00,4
mu_rong_meng,I3ZCJQ,2021-08-04T16:13:08+08:00,4
woshixiaoli,I3ZC39,2021-07-09T14:48:19+08:00,2
xu_anyue,I3ZBVE,2021-07-06T15:22:21+08:00,1
laiyongqiang,I3ZBTR,2021-07-06T15:57:14+08:00,0
kingxian,I3ZBRU,2021-07-13T09:23:55+08:00,2
maning202007,I3ZBQY,2021-07-07T19:46:42+08:00,1
xu_anyue,I3ZBBT,2021-07-06T19:01:57+08:00,2
donghufeng,I3ZB62,2021-07-10T17:01:16+08:00,2
chu-jibiao,I3ZACI,2021-07-06T14:31:19+08:00,2
mengyuanli,I3ZAC0,2021-08-02T10:12:11+08:00,0
zzqq2199,I3ZAA0,2021-07-19T09:47:33+08:00,1
alreadyhad,I3Z9XA,2021-07-16T15:39:21+08:00,1
jihongtao,I3Z9KE,2021-07-07T16:02:31+08:00,0
aishuaiyao,I3Z9AB,2021-07-10T14:37:45+08:00,1
wu_tian_yu9,I3Z919,2021-07-12T10:03:39+08:00,2
wu_tian_yu9,I3Z8X4,2021-07-10T15:00:08+08:00,3
yangzhenzhang,I3Z8WT,2021-07-07T10:26:05+08:00,1
yeyunpeng2020,I3Z8PW,2021-07-07T10:47:25+08:00,3
zhaozhenlong,I3Z8NQ,2021-08-03T11:40:16+08:00,3
harshvardhangupta,I3Z85I,2021-07-07T01:34:36+08:00,2
liangchenghui,I3Z80S,2021-07-05T22:03:22+08:00,1
mu_rong_meng,I3Z7U1,2021-07-09T11:16:43+08:00,4
HidyLi,I3Z7RE,2021-07-31T16:37:23+08:00,1
zhengjun10,I3Z7QP,2021-07-10T09:44:12+08:00,1
HidyLi,I3Z7OM,2021-07-08T20:18:09+08:00,2
luoyang42,I3Z7O9,2021-07-14T19:43:09+08:00,3
luoyang42,I3Z7LK,2021-07-05T19:50:30+08:00,3
wu_tian_yu9,I3Z7KP,2021-07-09T15:37:33+08:00,2
wu_tian_yu9,I3Z7IO,2021-07-08T16:51:03+08:00,4
liangzelang,I3Z7HW,2021-07-06T15:30:09+08:00,3
xuebao-zhang,I3Z7H7,2021-07-09T11:01:39+08:00,3
zhaosida_hw,I3Z7FM,2021-07-06T10:00:37+08:00,1
xuebao-zhang,I3Z7F3,2021-07-13T10:01:19+08:00,3
xuebao-zhang,I3Z7BI,2021-07-20T14:31:53+08:00,3
woshixiaoli,I3Z6ST,2021-07-09T17:12:24+08:00,2
randy-wangx,I3Z69Y,2021-07-06T17:08:43+08:00,1
probiotics_53,I3Z5WD,2021-07-09T19:52:47+08:00,3
iotwins,I3Z5PP,2021-07-05T17:22:04+08:00,3
mu_rong_meng,I3Z5GP,2021-07-09T11:26:59+08:00,5
wu_tian_yu9,I3Z4YE,2021-07-13T19:58:09+08:00,4
hu-jingsong,I3Z4X5,2021-07-20T16:29:22+08:00,2
gongdaguo,I3Z485,2021-07-08T10:49:01+08:00,3
yanlq46462828,I3Z3GN,2021-07-20T16:29:25+08:00,3
randy-wangx,I3Z36Q,2021-07-06T17:06:34+08:00,2
YeFeng_24,I3Z2T8,2021-07-15T09:03:25+08:00,3
mu_rong_meng,I3Z2KO,2021-07-10T15:24:46+08:00,4
xue-yuhao,I3Z27C,2021-07-07T17:24:12+08:00,1
zhaodezan,I3Z24W,2021-07-05T16:57:47+08:00,2
lizhenglong1992,I3Z1LV,2021-07-05T09:48:47+08:00,2
alreadyhad,I3YZU5,2021-07-15T15:52:49+08:00,2
JeffDing890430,I3YZPB,2021-07-10T20:19:27+08:00,3
zhengjun10,I3YZ4L,2021-07-05T09:54:24+08:00,1
zhongkaidi,I3YZ1E,2021-07-05T16:46:08+08:00,3
qingshanxiaozi,I3YYRJ,2021-07-20T16:29:28+08:00,2
hangangqiang,I3YYK0,2021-07-20T16:29:31+08:00,1
ZJUTER0126,I3YX89,2021-07-05T16:58:25+08:00,3
mu_rong_meng,I3YX6D,2021-07-10T15:37:21+08:00,4
xu-yfei,I3YX4Z,2021-07-07T19:28:07+08:00,2
wu_tian_yu9,I3YWWJ,2021-07-10T16:00:47+08:00,2
xuebao-zhang,I3YWNR,2021-07-12T11:36:28+08:00,2
wu_tian_yu9,I3YWCO,2021-07-09T15:38:52+08:00,3
lordway,I3YWBH,2021-07-05T17:00:16+08:00,2
huangbo77,I3YW51,2021-07-29T11:37:38+08:00,2
wl835546292,I3YW2C,2021-07-11T14:36:42+08:00,1
wu_tian_yu9,I3YVLL,2021-07-06T17:01:15+08:00,2
liangzelang,I3YVGT,2021-07-20T16:29:38+08:00,7
smile1897,I3YVB6,2021-07-06T16:47:04+08:00,2
gongdaguo,I3YV7L,2021-07-05T09:40:27+08:00,2
sl_wang,I3YUOD,2021-07-02T16:05:38+08:00,1
randy-wangx,I3YUML,2021-07-05T16:52:33+08:00,1
liu-xuu,I3YULX,2021-07-03T12:53:40+08:00,3
wu_tian_yu9,I3YULP,2021-07-06T17:02:13+08:00,2
JeffDing890430,I3YTQP,2021-07-20T16:29:40+08:00,3
jihongtao,I3YTMM,2021-07-05T15:26:07+08:00,1
probiotics_53,I3YT4D,2021-07-03T12:55:36+08:00,3
laiyongqiang,I3YSOI,2021-07-02T17:28:56+08:00,5
huang_gang_hong,I3YSND,2021-07-20T16:29:42+08:00,2
cooper44,I3YRZY,2021-07-13T09:49:49+08:00,1
caoruyue1,I3YRJK,2021-07-09T17:32:57+08:00,4
caoruyue1,I3YRE6,2021-07-09T17:09:25+08:00,3
mu_rong_meng,I3YRDH,2021-07-13T17:11:30+08:00,4
mu_rong_meng,I3YRB0,2021-07-09T16:09:50+08:00,4
mu_rong_meng,I3YR5V,2021-07-05T11:02:45+08:00,4
zhangzhaoju,I3YR5F,2021-07-27T11:05:14+08:00,2
HidyLi,I3YQ5E,2021-07-02T15:53:29+08:00,2
si_chasing,I3YPHC,2021-07-07T09:08:23+08:00,5
huangbo77,I3YPF3,2021-08-04T17:29:36+08:00,2
huangbo77,I3YP3D,2021-08-02T15:57:52+08:00,2
mu_rong_meng,I3YOPP,2021-07-10T15:28:54+08:00,4
chu-jibiao,I3YOMW,2021-07-09T11:32:59+08:00,2
wu_tian_yu9,I3YOI7,2021-07-16T14:57:53+08:00,3
alouhahahahaha,I3YO6N,2021-07-01T15:47:09+08:00,3
yangruoqi713,I3YO64,2021-07-01T14:33:25+08:00,3
chu-jibiao,I3YNIY,2021-07-10T16:05:42+08:00,2
chu-jibiao,I3YNGU,2021-07-05T11:29:16+08:00,2
chu-jibiao,I3YNCC,2021-07-09T11:33:13+08:00,2
zhunaipan,I3YNAA,2021-07-30T11:21:44+08:00,5
mu_rong_meng,I3YN8Q,2021-07-13T16:54:43+08:00,4
wmzheng2020,I3YMXC,2021-07-09T10:03:21+08:00,4
wmzheng2020,I3YMP7,2021-07-05T20:19:01+08:00,3
wmzheng2020,I3YMFT,2021-07-05T15:56:32+08:00,2
huangxinjing,I3YMBZ,2021-07-01T15:29:12+08:00,2
wangyanling10,I3YMA8,2021-07-20T16:29:52+08:00,4
